scenario_id,intent,tone,generated_email,fact_recall_score,tone_alignment_score,structural_quality_score
1,Follow up after a sales meeting,formal,"Subject: Following Up on Our Meeting on Tuesday

Dear Md. Rasel Hosen,

Thank you for taking the time to meet with me on Tuesday to discuss the Q3 partnership proposal. I wanted to follow up on your request for a revised pricing sheet - I've attached a new version with the updated rates.

As a reminder, we've scheduled our next call for Friday at 2 PM to further discuss the proposal and answer any additional questions you may have. I look forward to speaking with you then.

Best regards,
SG Service",100.0,75.0,100.0
2,Request for proposal details from a vendor,formal,"Subject: Request for Proposal Details for Cloud Migration Project

Dear Md. Rasel Hosen,

Thank you for your interest in supporting our cloud migration project. As we move forward with the evaluation process, we would appreciate it if you could provide a detailed cost breakdown for your proposed solution.

Could you also share your Service Level Agreement (SLA) terms, including any guarantees on uptime and response times for support inquiries? This will help us better understand your capabilities and ensure a smooth project execution.

Please note that the deadline for submitting your proposal is July 10. We look forward to reviewing your submission and discussing the project further.

Best regards,
SG Service",100.0,75.0,100.0
3,Quick team update on project status,casual,"Subject: Quick Project Status Update

Hi Md. Rasel Hosen,

Just a quick update on the project: our backend API is shaping up nicely, with about 90% complete. However, the frontend team is hitting a snag with design assets, which is holding them back. Still, we're on track to demo next Monday, so fingers crossed!

Best,
SG Service",100.0,75.0,100.0
4,Urgent notice about a slipping deadline,urgent,"Subject: Urgent: Final Report Deadline Tomorrow

Hi Md. Rasel Hosen,

I wanted to reach out as the final report is due tomorrow at 5 PM, but we're currently missing data for two sections. To ensure timely submission, I need your sign-off on the finance section before we can complete and finalize the report.

Please let me know if you're available to review and sign off on this section today. If not, I'll need to discuss an extension with the project lead.

Best,
SG Service",100.0,75.0,100.0
5,Decline a partnership request,empathetic,"Subject: Regrettable Decision on Partnership Opportunity

Dear Md. Rasel Hosen,

I wanted to personally express my gratitude for the detailed proposal you recently shared regarding a potential partnership. I appreciate the time and effort you invested in outlining the opportunity, and I'm grateful for the consideration.

Unfortunately, our budget for new partnerships is frozen until the start of the next fiscal year. I understand the potential value this partnership could bring, but I must prioritize our current commitments.

I'd like to keep the conversation open and revisit the possibility in Q1. If the opportunity remains relevant, I'd be happy to discuss further then.

Best regards,
SG Service",100.0,75.0,100.0
6,Schedule an informal coffee chat,casual,"Subject: Grab a Coffee and Catch Up

Hi Md. Rasel Hosen,

Hope you're doing well. I wanted to reach out and catch up on how you're adjusting to your new role. Free Wednesday or Thursday afternoons work well for me, and I was thinking it'd be great to grab a coffee at that new café near the office. Would you be up for a chat then?

Best,
SG Service",100.0,75.0,100.0
7,Send a comprehensive project proposal with many details,formal,"Subject: Comprehensive Project Proposal for Your Review and Approval

Dear Md. Rasel Hosen,

I am pleased to submit a comprehensive project proposal outlining the scope, timeline, budget, and team structure for the project we discussed earlier. Below is a detailed overview of the project plan, which we believe meets your requirements.

**Project Timeline and Milestones:**
The project is expected to last 12 weeks, with key milestones including project kickoff, development, testing, and delivery. Our team will work closely with you to ensure timely completion and meet all expectations.

**Budget and Resource Allocation:**
The total budget estimate for the project is $45,000, which will be allocated across the project timeline. Our team will consist of 2 experienced developers and 1 skilled designer, who will work closely with you to deliver high-quality results.

**Project Management and Communication:**
We will provide weekly progress reports to ensure transparency and facilitate effective communication throughout the project. This will enable you to stay informed about the project's status, identify potential issues, and make informed decisions.

**Project Kickoff Meeting:**
We propose scheduling the project kickoff meeting for next Monday, where we will discuss project details, expectations, and timelines in more depth. Please let us know if this date and time work for you, or if you would like to schedule an alternative.

**Proposal Conclusion:**
We believe that our team is well-equipped to deliver a high-quality project that meets your needs and expectations. If you have any questions or would like to discuss the proposal in more detail, please do not hesitate to reach out.

Thank you for considering our proposal. We look forward to the opportunity to work with you on this project.

Best regards,

SG Service",100.0,100.0,75.0
8,Brief thank-you note after an interview,formal,"Subject: Thank you for the Opportunity to Interview Yesterday

Dear Md. Rasel Hosen,

I wanted to express my sincere gratitude for taking the time to speak with me about the Marketing Coordinator role on Monday. I truly appreciated the opportunity to discuss the summer campaign plans and learn more about the team's objectives.

Please let me know if there's any additional information I can provide to support my application.

Best regards,
SG Service",0.0,75.0,100.0
9,Follow up after meeting someone at a conference,friendly,"Subject: Catching Up after TechSummit

Hi Md. Rasel Hosen,

Great to finally meet you in person at TechSummit last week and discuss the potential for collaboration on data tools. I'm excited about the possibilities and look forward to exploring them further.

As promised, I'll be sending a case study on our recent project by next week, so keep an eye out for that. If you have any questions or want to schedule a follow-up call, just let me know.

Best,
SG Service",100.0,75.0,100.0
10,Escalate a delayed shipment issue to a client,urgent but professional,"Subject: Update on Delayed Shipment

Dear Md. Rasel Hosen,

I'm writing to follow up on the shipment that was due to arrive last Friday. Unfortunately, it has not been delivered yet. Our carrier has confirmed that there's a 3-day delay due to unforeseen circumstances.

We apologize for the inconvenience this has caused and would like to offer a discount on your next order as a gesture of goodwill. We're committed to making it right.

You can expect an update on the estimated delivery date shortly. If you have any questions or concerns, please don't hesitate to reach out.

Best,
SG Service",100.0,75.0,100.0
AVERAGE,,,,90.0,77.5,97.5
